{
  "classes": [
    "Nam_Tay",
    "Chi_Ngon_Tro",
    "Xoe_Tay"
  ],
  "confusion": [
    [
      100,
      3,
      0
    ],
    [
      2,
      87,
      0
    ],
    [
      0,
      0,
      67
    ]
  ],
  "accuracy": 0.9806949806949807,
  "macro_f1": 0.9825589317345687,
  "per_class_f1": {
    "Nam_Tay": 0.975609756097561,
    "Chi_Ngon_Tro": 0.9720670391061451,
    "Xoe_Tay": 1.0
  },
  "mean_iou_correct": 0.9606646774414396,
  "map50": 0.9710668753761861,
  "map5095": 0.9337311794490682,
  "ap_per_class": {
    "Nam_Tay": {
      "ap50": 0.9432112467628561,
      "ap5095": 0.8991989309151348
    },
    "Chi_Ngon_Tro": {
      "ap50": 0.9706478517098636,
      "ap5095": 0.9371842650481581
    },
    "Xoe_Tay": {
      "ap50": 0.9993415276558385,
      "ap5095": 0.9648103423839117
    }
  },
  "val_images": 302,
  "missed_detections": {
    "Chi_Ngon_Tro": 2,
    "Nam_Tay": 6
  }
}